{
  "model": "dl_resnet",
  "target": "dbp",
  "metrics": {
    "ME": 8.133230209350586,
    "SD": 16.265657424926758,
    "MAE": 13.755643844604492,
    "RMSE": 18.18030775558793,
    "R2": 0.0031353235244750977,
    "MedianAE": 10.823060989379883,
    "MaxError": 79.4952392578125,
    "n_samples": 1340
  },
  "aami": {
    "grade": "FAIL",
    "ME_pass": false,
    "SD_pass": false,
    "ME_value": 8.133230209350586,
    "SD_value": 16.265657424926758,
    "ME_threshold": 5.0,
    "SD_threshold": 8.0
  },
  "bhs": {
    "grade": "D",
    "pct_within_5": 24.253731343283583,
    "pct_within_10": 46.56716417910447,
    "pct_within_15": 65.44776119402985
  },
  "bland_altman": {
    "bias": 8.133230209350586,
    "sd": 16.265657424926758,
    "lower_limit": -23.74745834350586,
    "upper_limit": 40.01391876220703
  }
}