{
  "model": "dl_resnet",
  "target": "sbp",
  "metrics": {
    "ME": 6.7059431076049805,
    "SD": 22.934078216552734,
    "MAE": 18.66842269897461,
    "RMSE": 23.886169057963752,
    "R2": 0.25848233699798584,
    "MedianAE": 15.736396789550781,
    "MaxError": 101.09616088867188,
    "n_samples": 1340
  },
  "aami": {
    "grade": "FAIL",
    "ME_pass": false,
    "SD_pass": false,
    "ME_value": 6.7059431076049805,
    "SD_value": 22.934078216552734,
    "ME_threshold": 5.0,
    "SD_threshold": 8.0
  },
  "bhs": {
    "grade": "D",
    "pct_within_5": 17.98507462686567,
    "pct_within_10": 33.35820895522388,
    "pct_within_15": 48.208955223880594
  },
  "bland_altman": {
    "bias": 6.7059431076049805,
    "sd": 22.934078216552734,
    "lower_limit": -38.24485019683838,
    "upper_limit": 51.65673641204834
  }
}