{
  "model": "dt",
  "target": "dbp",
  "metrics": {
    "ME": 0.038471011528369826,
    "SD": 11.551235953704634,
    "MAE": 9.062125172682935,
    "RMSE": 11.551248264068285,
    "R2": 0.11353867933667061,
    "MedianAE": 7.557509981777198,
    "MaxError": 120.900151737178,
    "n_samples": 111600
  },
  "aami": {
    "grade": "FAIL",
    "ME_pass": true,
    "SD_pass": false,
    "ME_value": 0.038471011528369826,
    "SD_value": 11.551235953704634,
    "ME_threshold": 5.0,
    "SD_threshold": 8.0
  },
  "bhs": {
    "grade": "D",
    "pct_within_5": 34.844086021505376,
    "pct_within_10": 62.73118279569893,
    "pct_within_15": 81.57706093189964
  },
  "bland_altman": {
    "bias": 0.038471011528369826,
    "sd": 11.551235953704634,
    "lower_limit": -22.601951457732714,
    "upper_limit": 22.67889348078945
  }
}