{
  "normal": {
    "n_samples": 61297,
    "sbp": {
      "ME": -12.747289912126124,
      "SD": 12.452934320914373,
      "MAE": 14.328838454466876,
      "RMSE": 17.820394030436624,
      "R2": -1.823405660639553,
      "MedianAE": 12.301976715248372,
      "MaxError": 81.47464747578177,
      "n_samples": 61297
    },
    "dbp": {
      "ME": -4.94224374219643,
      "SD": 8.69902195617353,
      "MAE": 8.087051660020522,
      "RMSE": 10.004874895335192,
      "R2": -0.230997970188334,
      "MedianAE": 6.994855104205541,
      "MaxError": 44.96178918360499,
      "n_samples": 61297
    }
  },
  "elevated": {
    "n_samples": 17773,
    "sbp": {
      "ME": 4.915862893571404,
      "SD": 8.403886673796098,
      "MAE": 7.731035967462809,
      "RMSE": 9.735863879117266,
      "R2": -10.617793649891091,
      "MedianAE": 6.313270173718308,
      "MaxError": 73.38774109703135,
      "n_samples": 17773
    },
    "dbp": {
      "ME": 1.0605547953401098,
      "SD": 9.204345087813765,
      "MAE": 7.548869162496172,
      "RMSE": 9.264986680518245,
      "R2": -0.008168230907731333,
      "MedianAE": 6.687306458667955,
      "MaxError": 31.27541057987953,
      "n_samples": 17773
    }
  },
  "stage1": {
    "n_samples": 30587,
    "sbp": {
      "ME": 20.166965194482472,
      "SD": 13.395152052493856,
      "MAE": 20.710079824664717,
      "RMSE": 24.210136667189698,
      "R2": -2.866354658186375,
      "MedianAE": 18.98896078852472,
      "MaxError": 109.7193492568828,
      "n_samples": 30587
    },
    "dbp": {
      "ME": 7.525089987757822,
      "SD": 10.82467718148638,
      "MAE": 10.567764093348174,
      "RMSE": 13.183200847137769,
      "R2": -0.468759413953024,
      "MedianAE": 8.86512454329366,
      "MaxError": 68.77817374885532,
      "n_samples": 30587
    }
  },
  "stage2": {
    "n_samples": 1943,
    "sbp": {
      "ME": 38.06934559187047,
      "SD": 13.749784306643429,
      "MAE": 38.07392437019507,
      "RMSE": 40.4751076700125,
      "R2": -9.158171627647087,
      "MedianAE": 37.47622277848521,
      "MaxError": 130.9664391009523,
      "n_samples": 1943
    },
    "dbp": {
      "ME": 29.963413133737724,
      "SD": 9.335983910598454,
      "MAE": 29.963413133737724,
      "RMSE": 31.38346480918231,
      "R2": -15.941849589600128,
      "MedianAE": 28.54917806427001,
      "MaxError": 120.900151737178,
      "n_samples": 1943
    }
  }
}