{
  "model": "dt",
  "target": "sbp",
  "metrics": {
    "ME": -0.028542075694540796,
    "SD": 19.459975879837817,
    "MAE": 15.44046021184123,
    "RMSE": 19.45990962487903,
    "R2": 0.10675928970810855,
    "MedianAE": 13.010773983331823,
    "MaxError": 130.9664391009523,
    "n_samples": 111600
  },
  "aami": {
    "grade": "FAIL",
    "ME_pass": true,
    "SD_pass": false,
    "ME_value": -0.028542075694540796,
    "SD_value": 19.459975879837817,
    "ME_threshold": 5.0,
    "SD_threshold": 8.0
  },
  "bhs": {
    "grade": "D",
    "pct_within_5": 20.488351254480285,
    "pct_within_10": 39.54480286738351,
    "pct_within_15": 56.318996415770606
  },
  "bland_altman": {
    "bias": -0.028542075694540796,
    "sd": 19.459975879837817,
    "lower_limit": -38.170094800176656,
    "upper_limit": 38.11301064878758
  }
}