{
  "model": "lgbm",
  "target": "sbp",
  "metrics": {
    "ME": -0.02871406753811178,
    "SD": 18.19189629177007,
    "MAE": 14.433443062972959,
    "RMSE": 18.19183744788828,
    "R2": 0.21937940732898076,
    "MedianAE": 12.24265556109718,
    "MaxError": 134.26259890681936,
    "n_samples": 111600
  },
  "aami": {
    "grade": "FAIL",
    "ME_pass": true,
    "SD_pass": false,
    "ME_value": -0.02871406753811178,
    "SD_value": 18.19189629177007,
    "ME_threshold": 5.0,
    "SD_threshold": 8.0
  },
  "bhs": {
    "grade": "D",
    "pct_within_5": 21.63978494623656,
    "pct_within_10": 41.55645161290323,
    "pct_within_15": 59.55734767025089
  },
  "bland_altman": {
    "bias": -0.02871406753811178,
    "sd": 18.19189629177007,
    "lower_limit": -35.68483079940745,
    "upper_limit": 35.62740266433123
  }
}