{
  "model": "lgbm",
  "target": "dbp",
  "metrics": {
    "ME": 0.022408349798475873,
    "SD": 11.011772741322261,
    "MAE": 8.657664885401633,
    "RMSE": 11.01174620526848,
    "R2": 0.19440949024756438,
    "MedianAE": 7.185700649535686,
    "MaxError": 121.13796748998675,
    "n_samples": 111600
  },
  "aami": {
    "grade": "FAIL",
    "ME_pass": true,
    "SD_pass": false,
    "ME_value": 0.022408349798475873,
    "SD_value": 11.011772741322261,
    "ME_threshold": 5.0,
    "SD_threshold": 8.0
  },
  "bhs": {
    "grade": "D",
    "pct_within_5": 36.32616487455197,
    "pct_within_10": 64.78046594982078,
    "pct_within_15": 83.2105734767025
  },
  "bland_altman": {
    "bias": 0.022408349798475873,
    "sd": 11.011772741322261,
    "lower_limit": -21.560666223193156,
    "upper_limit": 21.605482922790106
  }
}