{
  "normal": {
    "n_samples": 61297,
    "sbp": {
      "ME": -11.421152159839075,
      "SD": 12.014935725172387,
      "MAE": 13.323037751264243,
      "RMSE": 16.577063734840365,
      "R2": -1.4431711443091824,
      "MedianAE": 11.448874246391767,
      "MaxError": 81.8192699466615,
      "n_samples": 61297
    },
    "dbp": {
      "ME": -4.426589666694149,
      "SD": 8.653943035929531,
      "MAE": 7.840025942061568,
      "RMSE": 9.720298574535647,
      "R2": -0.16196546989698124,
      "MedianAE": 6.682863363080095,
      "MaxError": 40.549623213414634,
      "n_samples": 61297
    }
  },
  "elevated": {
    "n_samples": 17773,
    "sbp": {
      "ME": 3.7510376370973546,
      "SD": 9.151907342037713,
      "MAE": 8.0047295307083,
      "RMSE": 9.890549971131437,
      "R2": -10.989899837599317,
      "MedianAE": 7.005699468910791,
      "MaxError": 36.40938437877534,
      "n_samples": 17773
    },
    "dbp": {
      "ME": 0.8110960881701827,
      "SD": 8.906849782040528,
      "MAE": 7.294876735699011,
      "RMSE": 8.943454940960914,
      "R2": 0.0605924292440001,
      "MedianAE": 6.309607212344723,
      "MaxError": 27.810011896677047,
      "n_samples": 17773
    }
  },
  "stage1": {
    "n_samples": 30587,
    "sbp": {
      "ME": 18.404176612209636,
      "SD": 13.105811026576282,
      "MAE": 19.110589971721247,
      "RMSE": 22.593591655723017,
      "R2": -2.3672685766857,
      "MedianAE": 17.6295707988578,
      "MaxError": 102.38713137847009,
      "n_samples": 30587
    },
    "dbp": {
      "ME": 6.748265265585249,
      "SD": 10.375890709949044,
      "MAE": 9.904889287388086,
      "RMSE": 12.377183538781404,
      "R2": -0.2946506331196823,
      "MedianAE": 8.36993236830547,
      "MaxError": 72.19196109264908,
      "n_samples": 30587
    }
  },
  "stage2": {
    "n_samples": 1943,
    "sbp": {
      "ME": 34.62796296583373,
      "SD": 14.47088945570252,
      "MAE": 34.640415529707234,
      "RMSE": 37.52858491732249,
      "R2": -7.733008814204657,
      "MedianAE": 33.63667766060354,
      "MaxError": 134.26259890681936,
      "n_samples": 1943
    },
    "dbp": {
      "ME": 27.28391054212892,
      "SD": 9.815984930262642,
      "MAE": 27.28391054212892,
      "RMSE": 28.99509862932306,
      "R2": -13.461329593950367,
      "MedianAE": 26.50735349247273,
      "MaxError": 121.13796748998675,
      "n_samples": 1943
    }
  }
}