{
  "model": "rf",
  "target": "dbp",
  "metrics": {
    "ME": -0.32490550647579475,
    "SD": 11.143039000131827,
    "MAE": 8.76922541626292,
    "RMSE": 11.14772484124987,
    "R2": 0.17439096756539652,
    "MedianAE": 7.277979836374168,
    "MaxError": 121.3242260970969,
    "n_samples": 111600
  },
  "aami": {
    "grade": "FAIL",
    "ME_pass": true,
    "SD_pass": false,
    "ME_value": -0.32490550647579475,
    "SD_value": 11.143039000131827,
    "ME_threshold": 5.0,
    "SD_threshold": 8.0
  },
  "bhs": {
    "grade": "D",
    "pct_within_5": 36.04480286738351,
    "pct_within_10": 63.87903225806452,
    "pct_within_15": 82.3010752688172
  },
  "bland_altman": {
    "bias": -0.32490550647579475,
    "sd": 11.143039000131827,
    "lower_limit": -22.165261946734173,
    "upper_limit": 21.515450933782585
  }
}