{
  "model": "rf",
  "target": "sbp",
  "metrics": {
    "ME": -0.534355242222978,
    "SD": 18.40947343995488,
    "MAE": 14.704083708133433,
    "RMSE": 18.41714448672423,
    "R2": 0.1999235988850625,
    "MedianAE": 12.576205778003406,
    "MaxError": 132.89913232173953,
    "n_samples": 111600
  },
  "aami": {
    "grade": "FAIL",
    "ME_pass": true,
    "SD_pass": false,
    "ME_value": -0.534355242222978,
    "SD_value": 18.40947343995488,
    "ME_threshold": 5.0,
    "SD_threshold": 8.0
  },
  "bhs": {
    "grade": "D",
    "pct_within_5": 20.690860215053764,
    "pct_within_10": 40.31182795698925,
    "pct_within_15": 58.3073476702509
  },
  "bland_altman": {
    "bias": -0.534355242222978,
    "sd": 18.40947343995488,
    "lower_limit": -36.61692318453454,
    "upper_limit": 35.548212700088584
  }
}