{
  "normal": {
    "n_samples": 61297,
    "sbp": {
      "ME": -12.540586243610669,
      "SD": 11.710053588601552,
      "MAE": 13.976796425969884,
      "RMSE": 17.15778019781857,
      "R2": -1.617344419891534,
      "MedianAE": 12.369572564604056,
      "MaxError": 87.3602985105286,
      "n_samples": 61297
    },
    "dbp": {
      "ME": -5.0662278940382635,
      "SD": 8.52310250031057,
      "MAE": 8.002077776449187,
      "RMSE": 9.915077216131193,
      "R2": -0.20899975659335235,
      "MedianAE": 6.808378096429273,
      "MaxError": 40.12162745483917,
      "n_samples": 61297
    }
  },
  "elevated": {
    "n_samples": 17773,
    "sbp": {
      "ME": 3.628120620928871,
      "SD": 7.8836360483659895,
      "MAE": 6.999051329712754,
      "RMSE": 8.678218688716754,
      "R2": -8.230725836048743,
      "MedianAE": 5.998807896931453,
      "MaxError": 33.301325521656125,
      "n_samples": 17773
    },
    "dbp": {
      "ME": 0.6024801777725921,
      "SD": 8.873832893893207,
      "MAE": 7.216556607218145,
      "RMSE": 8.89401270526572,
      "R2": 0.07095040066331848,
      "MedianAE": 6.202103190511814,
      "MaxError": 31.64192544440529,
      "n_samples": 17773
    }
  },
  "stage1": {
    "n_samples": 30587,
    "sbp": {
      "ME": 18.85707487489495,
      "SD": 12.62122896269794,
      "MAE": 19.35596842131884,
      "RMSE": 22.690956027038986,
      "R2": -2.396352788919202,
      "MedianAE": 17.630868749945222,
      "MaxError": 106.42816623824561,
      "n_samples": 30587
    },
    "dbp": {
      "ME": 6.856024837944277,
      "SD": 10.443524346008553,
      "MAE": 10.004587884769254,
      "RMSE": 12.492746357054244,
      "R2": -0.3189391844023106,
      "MedianAE": 8.579005705216701,
      "MaxError": 69.03377671099335,
      "n_samples": 30587
    }
  },
  "stage2": {
    "n_samples": 1943,
    "sbp": {
      "ME": 34.895693745927964,
      "SD": 13.528236493762918,
      "MAE": 34.89701797177106,
      "RMSE": 37.424970722833415,
      "R2": -7.684852746593551,
      "MedianAE": 33.146220127855614,
      "MaxError": 132.89913232173953,
      "n_samples": 1943
    },
    "dbp": {
      "ME": 27.72619906351564,
      "SD": 9.34112002053321,
      "MAE": 27.72619906351564,
      "RMSE": 29.256686921180723,
      "R2": -13.723441402872925,
      "MedianAE": 26.79679140509309,
      "MaxError": 121.3242260970969,
      "n_samples": 1943
    }
  }
}