{
  "model": "ridge",
  "target": "sbp",
  "metrics": {
    "ME": 0.07024769873031496,
    "SD": 19.414571117253125,
    "MAE": 15.517249179323734,
    "RMSE": 19.41461122291085,
    "R2": 0.11091298659144067,
    "MedianAE": 13.258333466652324,
    "MaxError": 134.5628483246253,
    "n_samples": 111600
  },
  "aami": {
    "grade": "FAIL",
    "ME_pass": true,
    "SD_pass": false,
    "ME_value": 0.07024769873031496,
    "SD_value": 19.414571117253125,
    "ME_threshold": 5.0,
    "SD_threshold": 8.0
  },
  "bhs": {
    "grade": "D",
    "pct_within_5": 19.786738351254478,
    "pct_within_10": 38.72759856630824,
    "pct_within_15": 55.672939068100355
  },
  "bland_altman": {
    "bias": 0.07024769873031496,
    "sd": 19.414571117253125,
    "lower_limit": -37.98231169108581,
    "upper_limit": 38.12280708854644
  }
}