{
  "model": "ridge",
  "target": "dbp",
  "metrics": {
    "ME": -0.012889357393661805,
    "SD": 11.469828737899178,
    "MAE": 9.107385304612192,
    "RMSE": 11.469784591977495,
    "R2": 0.12599789610753054,
    "MedianAE": 7.72319686592877,
    "MaxError": 121.6330381352088,
    "n_samples": 111600
  },
  "aami": {
    "grade": "FAIL",
    "ME_pass": true,
    "SD_pass": false,
    "ME_value": -0.012889357393661805,
    "SD_value": 11.469828737899178,
    "ME_threshold": 5.0,
    "SD_threshold": 8.0
  },
  "bhs": {
    "grade": "D",
    "pct_within_5": 33.581541218637994,
    "pct_within_10": 61.76254480286738,
    "pct_within_15": 81.32795698924731
  },
  "bland_altman": {
    "bias": -0.012889357393661805,
    "sd": 11.469828737899178,
    "lower_limit": -22.49375368367605,
    "upper_limit": 22.46797496888873
  }
}