{
  "normal": {
    "n_samples": 61297,
    "sbp": {
      "ME": -13.103830285158221,
      "SD": 12.053966877346005,
      "MAE": 14.368788152399166,
      "RMSE": 17.804665546623927,
      "R2": -1.8184239197534597,
      "MedianAE": 12.495507806188826,
      "MaxError": 109.4592817512941,
      "n_samples": 61297
    },
    "dbp": {
      "ME": -5.234852274056675,
      "SD": 8.783666024644868,
      "MAE": 8.372699583011467,
      "RMSE": 10.225224129189833,
      "R2": -0.2858185425320736,
      "MedianAE": 7.379152679026916,
      "MaxError": 52.399068381684366,
      "n_samples": 61297
    }
  },
  "elevated": {
    "n_samples": 17773,
    "sbp": {
      "ME": 5.347563233222456,
      "SD": 6.950590135994891,
      "MAE": 7.0250975619088445,
      "RMSE": 8.769516381438981,
      "R2": -8.425967963994962,
      "MedianAE": 6.013602142894186,
      "MaxError": 37.96744145848655,
      "n_samples": 17773
    },
    "dbp": {
      "ME": 1.2495285281034318,
      "SD": 8.687119812425715,
      "MAE": 7.20232031636353,
      "RMSE": 8.776282018685041,
      "R2": 0.09538340540533186,
      "MedianAE": 6.522621965617532,
      "MaxError": 32.64420558314819,
      "n_samples": 17773
    }
  },
  "stage1": {
    "n_samples": 30587,
    "sbp": {
      "ME": 20.997795337666467,
      "SD": 12.36460076413666,
      "MAE": 21.327394685216976,
      "RMSE": 24.367719687889863,
      "R2": -2.9168504253282417,
      "MedianAE": 19.395880215590935,
      "MaxError": 108.06735487377648,
      "n_samples": 30587
    },
    "dbp": {
      "ME": 7.821201798166714,
      "SD": 10.165329583421146,
      "MAE": 10.368740871773163,
      "RMSE": 12.82582335549265,
      "R2": -0.3902068832706571,
      "MedianAE": 9.072165367092637,
      "MaxError": 69.22406089688333,
      "n_samples": 30587
    }
  },
  "stage2": {
    "n_samples": 1943,
    "sbp": {
      "ME": 37.963623690365246,
      "SD": 12.5172064964052,
      "MAE": 37.963623690365246,
      "RMSE": 39.972947649041096,
      "R2": -8.907677698577094,
      "MedianAE": 35.58039274516281,
      "MaxError": 134.5628483246253,
      "n_samples": 1943
    },
    "dbp": {
      "ME": 29.85451241750478,
      "SD": 8.502658839693089,
      "MAE": 29.85451241750478,
      "RMSE": 31.041100350963028,
      "R2": -15.574226109037788,
      "MedianAE": 28.80193375875148,
      "MaxError": 121.6330381352088,
      "n_samples": 1943
    }
  }
}