{
  "normal": {
    "n_samples": 61297,
    "sbp": {
      "ME": -13.412688272100224,
      "SD": 10.47055207299058,
      "MAE": 13.896119502522174,
      "RMSE": 17.015606919897127,
      "R2": -1.5741483058782784,
      "MedianAE": 12.458782388258058,
      "MaxError": 86.80693135139359,
      "n_samples": 61297
    },
    "dbp": {
      "ME": -5.18294631633828,
      "SD": 8.349317508996508,
      "MAE": 7.981006668679124,
      "RMSE": 9.82715106815318,
      "R2": -0.18765219729162275,
      "MedianAE": 6.95374757454222,
      "MaxError": 37.44793791692176,
      "n_samples": 61297
    }
  },
  "elevated": {
    "n_samples": 17773,
    "sbp": {
      "ME": 5.218135066698889,
      "SD": 4.679832720908134,
      "MAE": 5.809412234742661,
      "RMSE": 7.009175102456629,
      "R2": -5.021552695012857,
      "MedianAE": 5.287702536745954,
      "MaxError": 22.62759281862853,
      "n_samples": 17773
    },
    "dbp": {
      "ME": 1.2802739782752142,
      "SD": 8.694907757419394,
      "MAE": 7.218320248549339,
      "RMSE": 8.788416731491873,
      "R2": 0.09288010126697743,
      "MedianAE": 6.606989887304351,
      "MaxError": 31.59353267107136,
      "n_samples": 17773
    }
  },
  "stage1": {
    "n_samples": 30587,
    "sbp": {
      "ME": 21.89232774858198,
      "SD": 11.987732503081945,
      "MAE": 22.126014475573687,
      "RMSE": 24.95946807436171,
      "R2": -3.109394716055342,
      "MedianAE": 19.67732589421047,
      "MaxError": 113.38128037598594,
      "n_samples": 30587
    },
    "dbp": {
      "ME": 7.979775834694262,
      "SD": 10.384946410093542,
      "MAE": 10.656471768948064,
      "RMSE": 13.09658002682858,
      "R2": -0.4495217223720078,
      "MedianAE": 9.28219830043163,
      "MaxError": 68.82690421558121,
      "n_samples": 30587
    }
  },
  "stage2": {
    "n_samples": 1943,
    "sbp": {
      "ME": 38.91147382784418,
      "SD": 12.563290620040625,
      "MAE": 38.91147382784418,
      "RMSE": 40.888358164328416,
      "R2": -9.366660241734813,
      "MedianAE": 36.54573056507428,
      "MaxError": 137.8509583937951,
      "n_samples": 1943
    },
    "dbp": {
      "ME": 31.27468948801153,
      "SD": 8.097606943765312,
      "MAE": 31.27468948801153,
      "RMSE": 32.30547466555259,
      "R2": -16.951936224252563,
      "MedianAE": 29.873125875193523,
      "MaxError": 125.76443317912614,
      "n_samples": 1943
    }
  }
}