{
  "model": "xgb",
  "target": "sbp",
  "metrics": {
    "ME": 0.14166652346675784,
    "SD": 19.14901482699922,
    "MAE": 15.299413254534555,
    "RMSE": 19.149453061189323,
    "R2": 0.13503284021471507,
    "MedianAE": 13.141211082435689,
    "MaxError": 137.8509583937951,
    "n_samples": 111600
  },
  "aami": {
    "grade": "FAIL",
    "ME_pass": true,
    "SD_pass": false,
    "ME_value": 0.14166652346675784,
    "SD_value": 19.14901482699922,
    "ME_threshold": 5.0,
    "SD_threshold": 8.0
  },
  "bhs": {
    "grade": "D",
    "pct_within_5": 20.095878136200717,
    "pct_within_10": 38.78494623655914,
    "pct_within_15": 56.05107526881721
  },
  "bland_altman": {
    "bias": 0.14166652346675784,
    "sd": 19.14901482699922,
    "lower_limit": -37.39040253745171,
    "upper_limit": 37.673735584385234
  }
}