{
  "model": "xgb",
  "target": "dbp",
  "metrics": {
    "ME": 0.08870406984137737,
    "SD": 11.424403221440178,
    "MAE": 8.998379885479501,
    "RMSE": 11.424696401698801,
    "R2": 0.13285586580133113,
    "MedianAE": 7.549202142248202,
    "MaxError": 125.76443317912614,
    "n_samples": 111600
  },
  "aami": {
    "grade": "FAIL",
    "ME_pass": true,
    "SD_pass": false,
    "ME_value": 0.08870406984137737,
    "SD_value": 11.424403221440178,
    "ME_threshold": 5.0,
    "SD_threshold": 8.0
  },
  "bhs": {
    "grade": "D",
    "pct_within_5": 34.53405017921147,
    "pct_within_10": 63.11917562724014,
    "pct_within_15": 81.71236559139786
  },
  "bland_altman": {
    "bias": 0.08870406984137737,
    "sd": 11.424403221440178,
    "lower_limit": -22.30312624418137,
    "upper_limit": 22.480534383864125
  }
}