{
  "model": "dt",
  "target": "dbp",
  "metrics": {
    "ME": 0.08194378590155904,
    "SD": 11.4387153434226,
    "MAE": 8.960876427337958,
    "RMSE": 11.438957603416204,
    "R2": 0.13068964003758976,
    "MedianAE": 7.41091840564113,
    "MaxError": 129.16996872624586,
    "n_samples": 111600
  },
  "aami": {
    "grade": "FAIL",
    "ME_pass": true,
    "SD_pass": false,
    "ME_value": 0.08194378590155904,
    "SD_value": 11.4387153434226,
    "ME_threshold": 5.0,
    "SD_threshold": 8.0
  },
  "bhs": {
    "grade": "D",
    "pct_within_5": 35.05017921146953,
    "pct_within_10": 63.46236559139785,
    "pct_within_15": 82.30913978494624
  },
  "bland_altman": {
    "bias": 0.08194378590155904,
    "sd": 11.4387153434226,
    "lower_limit": -22.33793828720674,
    "upper_limit": 22.501825859009855
  }
}