{
  "model": "dt",
  "target": "sbp",
  "metrics": {
    "ME": -0.030348234280137772,
    "SD": 19.27311226995832,
    "MAE": 15.277001254088933,
    "RMSE": 19.273049814575987,
    "R2": 0.12383125247534188,
    "MedianAE": 12.820594429980055,
    "MaxError": 129.8218845242425,
    "n_samples": 111600
  },
  "aami": {
    "grade": "FAIL",
    "ME_pass": true,
    "SD_pass": false,
    "ME_value": -0.030348234280137772,
    "SD_value": 19.27311226995832,
    "ME_threshold": 5.0,
    "SD_threshold": 8.0
  },
  "bhs": {
    "grade": "D",
    "pct_within_5": 20.3584229390681,
    "pct_within_10": 39.69354838709677,
    "pct_within_15": 57.21953405017921
  },
  "bland_altman": {
    "bias": -0.030348234280137772,
    "sd": 19.27311226995832,
    "lower_limit": -37.80564828339845,
    "upper_limit": 37.74495181483817
  }
}