{
  "model": "lgbm",
  "target": "dbp",
  "metrics": {
    "ME": -0.05885291123145877,
    "SD": 10.969753484355799,
    "MAE": 8.539063036332452,
    "RMSE": 10.969862209603322,
    "R2": 0.20052608246184478,
    "MedianAE": 6.963005544573225,
    "MaxError": 122.70249971509774,
    "n_samples": 111600
  },
  "aami": {
    "grade": "FAIL",
    "ME_pass": true,
    "SD_pass": false,
    "ME_value": -0.05885291123145877,
    "SD_value": 10.969753484355799,
    "ME_threshold": 5.0,
    "SD_threshold": 8.0
  },
  "bhs": {
    "grade": "D",
    "pct_within_5": 37.558243727598565,
    "pct_within_10": 65.6989247311828,
    "pct_within_15": 83.59229390681003
  },
  "bland_altman": {
    "bias": -0.05885291123145877,
    "sd": 10.969753484355799,
    "lower_limit": -21.559569740568822,
    "upper_limit": 21.441863918105906
  }
}