{
  "model": "lgbm",
  "target": "sbp",
  "metrics": {
    "ME": -0.25679336589541474,
    "SD": 18.283655736979803,
    "MAE": 14.460051380075344,
    "RMSE": 18.285377067277896,
    "R2": 0.21133110770807895,
    "MedianAE": 12.170129124976071,
    "MaxError": 131.8103924200065,
    "n_samples": 111600
  },
  "aami": {
    "grade": "FAIL",
    "ME_pass": true,
    "SD_pass": false,
    "ME_value": -0.25679336589541474,
    "SD_value": 18.283655736979803,
    "ME_threshold": 5.0,
    "SD_threshold": 8.0
  },
  "bhs": {
    "grade": "D",
    "pct_within_5": 21.690860215053764,
    "pct_within_10": 41.96953405017921,
    "pct_within_15": 59.80107526881721
  },
  "bland_altman": {
    "bias": -0.25679336589541474,
    "sd": 18.283655736979803,
    "lower_limit": -36.092758610375824,
    "upper_limit": 35.579171878585
  }
}