{
  "model": "rf",
  "target": "dbp",
  "metrics": {
    "ME": -0.23893217332923453,
    "SD": 11.127959738452777,
    "MAE": 8.655443992350447,
    "RMSE": 11.13047469441135,
    "R2": 0.17694410880318967,
    "MedianAE": 7.030395745848633,
    "MaxError": 123.27621609088202,
    "n_samples": 111600
  },
  "aami": {
    "grade": "FAIL",
    "ME_pass": true,
    "SD_pass": false,
    "ME_value": -0.23893217332923453,
    "SD_value": 11.127959738452777,
    "ME_threshold": 5.0,
    "SD_threshold": 8.0
  },
  "bhs": {
    "grade": "D",
    "pct_within_5": 37.42831541218638,
    "pct_within_10": 64.92293906810036,
    "pct_within_15": 82.86111111111111
  },
  "bland_altman": {
    "bias": -0.23893217332923453,
    "sd": 11.127959738452777,
    "lower_limit": -22.049733260696676,
    "upper_limit": 21.571868914038205
  }
}