{
  "model": "rf",
  "target": "sbp",
  "metrics": {
    "ME": -0.3813453360506729,
    "SD": 18.487926291450922,
    "MAE": 14.693230030763475,
    "RMSE": 18.491776011751906,
    "R2": 0.19342618503846876,
    "MedianAE": 12.458720814145394,
    "MaxError": 130.6371210677799,
    "n_samples": 111600
  },
  "aami": {
    "grade": "FAIL",
    "ME_pass": true,
    "SD_pass": false,
    "ME_value": -0.3813453360506729,
    "SD_value": 18.487926291450922,
    "ME_threshold": 5.0,
    "SD_threshold": 8.0
  },
  "bhs": {
    "grade": "D",
    "pct_within_5": 20.88978494623656,
    "pct_within_10": 40.86379928315412,
    "pct_within_15": 58.608422939068106
  },
  "bland_altman": {
    "bias": -0.3813453360506729,
    "sd": 18.487926291450922,
    "lower_limit": -36.617680867294474,
    "upper_limit": 35.85499019519313
  }
}