{
  "model": "ridge",
  "target": "dbp",
  "metrics": {
    "ME": 0.0077532925589152675,
    "SD": 11.543926471921983,
    "MAE": 9.136515944838287,
    "RMSE": 11.543877355403943,
    "R2": 0.11466962909773215,
    "MedianAE": 7.712792557745644,
    "MaxError": 121.45199651649551,
    "n_samples": 111600
  },
  "aami": {
    "grade": "FAIL",
    "ME_pass": true,
    "SD_pass": false,
    "ME_value": 0.0077532925589152675,
    "SD_value": 11.543926471921983,
    "ME_threshold": 5.0,
    "SD_threshold": 8.0
  },
  "bhs": {
    "grade": "D",
    "pct_within_5": 33.81182795698925,
    "pct_within_10": 62.01971326164875,
    "pct_within_15": 81.14516129032258
  },
  "bland_altman": {
    "bias": 0.0077532925589152675,
    "sd": 11.543926471921983,
    "lower_limit": -22.61834259240817,
    "upper_limit": 22.633849177526002
  }
}