{
  "model": "ridge",
  "target": "sbp",
  "metrics": {
    "ME": 0.010468453659758238,
    "SD": 19.3913915536032,
    "MAE": 15.500521920512261,
    "RMSE": 19.39130750012692,
    "R2": 0.11304608133421601,
    "MedianAE": 13.249122282712264,
    "MaxError": 139.52784576074984,
    "n_samples": 111600
  },
  "aami": {
    "grade": "FAIL",
    "ME_pass": true,
    "SD_pass": false,
    "ME_value": 0.010468453659758238,
    "SD_value": 19.3913915536032,
    "ME_threshold": 5.0,
    "SD_threshold": 8.0
  },
  "bhs": {
    "grade": "D",
    "pct_within_5": 19.919354838709676,
    "pct_within_10": 38.76971326164875,
    "pct_within_15": 55.598566308243726
  },
  "bland_altman": {
    "bias": 0.010468453659758238,
    "sd": 19.3913915536032,
    "lower_limit": -37.996658991402505,
    "upper_limit": 38.01759589872203
  }
}