{
  "model": "xgb",
  "target": "sbp",
  "metrics": {
    "ME": 0.10415605171258101,
    "SD": 19.39332358421588,
    "MAE": 15.516143164995457,
    "RMSE": 19.39351639194322,
    "R2": 0.11284400142401185,
    "MedianAE": 13.373074887103733,
    "MaxError": 139.82049422143183,
    "n_samples": 111600
  },
  "aami": {
    "grade": "FAIL",
    "ME_pass": true,
    "SD_pass": false,
    "ME_value": 0.10415605171258101,
    "SD_value": 19.39332358421588,
    "ME_threshold": 5.0,
    "SD_threshold": 8.0
  },
  "bhs": {
    "grade": "D",
    "pct_within_5": 19.653225806451612,
    "pct_within_10": 38.303763440860216,
    "pct_within_15": 55.31541218637993
  },
  "bland_altman": {
    "bias": 0.10415605171258101,
    "sd": 19.39332358421588,
    "lower_limit": -37.906758173350546,
    "upper_limit": 38.115070276775704
  }
}