{
  "model": "xgb",
  "target": "dbp",
  "metrics": {
    "ME": 0.052748094298591,
    "SD": 11.333330911597635,
    "MAE": 8.90548605803717,
    "RMSE": 11.333402886063672,
    "R2": 0.14665900520540087,
    "MedianAE": 7.427239292977472,
    "MaxError": 125.61382130168474,
    "n_samples": 111600
  },
  "aami": {
    "grade": "FAIL",
    "ME_pass": true,
    "SD_pass": false,
    "ME_value": 0.052748094298591,
    "SD_value": 11.333330911597635,
    "ME_threshold": 5.0,
    "SD_threshold": 8.0
  },
  "bhs": {
    "grade": "D",
    "pct_within_5": 35.18458781362007,
    "pct_within_10": 63.67652329749104,
    "pct_within_15": 82.3763440860215
  },
  "bland_altman": {
    "bias": 0.052748094298591,
    "sd": 11.333330911597635,
    "lower_limit": -22.160580492432775,
    "upper_limit": 22.266076681029954
  }
}