{
  "model": "dl_resnet",
  "target": "sbp",
  "metrics": {
    "ME": -0.6817392110824585,
    "SD": 17.778146743774414,
    "MAE": 13.837393760681152,
    "RMSE": 17.791133017953072,
    "R2": 0.25338953733444214,
    "MedianAE": 11.238166809082031,
    "MaxError": 133.48016357421875,
    "n_samples": 111600
  },
  "aami": {
    "grade": "FAIL",
    "ME_pass": true,
    "SD_pass": false,
    "ME_value": -0.6817392110824585,
    "SD_value": 17.778146743774414,
    "ME_threshold": 5.0,
    "SD_threshold": 8.0
  },
  "bhs": {
    "grade": "D",
    "pct_within_5": 23.914874551971327,
    "pct_within_10": 45.31720430107527,
    "pct_within_15": 62.5152329749104
  },
  "bland_altman": {
    "bias": -0.6817392110824585,
    "sd": 17.778146743774414,
    "lower_limit": -35.52690682888031,
    "upper_limit": 34.16342840671539
  }
}