{
  "model": "dl_resnet",
  "target": "dbp",
  "metrics": {
    "ME": 0.2808959484100342,
    "SD": 10.152682304382324,
    "MAE": 7.903969764709473,
    "RMSE": 10.156521180273861,
    "R2": 0.31468236446380615,
    "MedianAE": 6.527963638305664,
    "MaxError": 120.57341766357422,
    "n_samples": 111600
  },
  "aami": {
    "grade": "FAIL",
    "ME_pass": true,
    "SD_pass": false,
    "ME_value": 0.2808959484100342,
    "SD_value": 10.152682304382324,
    "ME_threshold": 5.0,
    "SD_threshold": 8.0
  },
  "bhs": {
    "grade": "D",
    "pct_within_5": 39.39247311827957,
    "pct_within_10": 69.7679211469534,
    "pct_within_15": 87.2921146953405
  },
  "bland_altman": {
    "bias": 0.2808959484100342,
    "sd": 10.152682304382324,
    "lower_limit": -19.618361368179322,
    "upper_limit": 20.18015326499939
  }
}