{
  "model": "dl_resnet_bigru",
  "target": "sbp",
  "metrics": {
    "ME": 0.2609028220176697,
    "SD": 17.633546829223633,
    "MAE": 13.605978012084961,
    "RMSE": 17.635397150787835,
    "R2": 0.26640331745147705,
    "MedianAE": 10.94283676147461,
    "MaxError": 124.49131774902344,
    "n_samples": 111600
  },
  "aami": {
    "grade": "FAIL",
    "ME_pass": true,
    "SD_pass": false,
    "ME_value": 0.2609028220176697,
    "SD_value": 17.633546829223633,
    "ME_threshold": 5.0,
    "SD_threshold": 8.0
  },
  "bhs": {
    "grade": "D",
    "pct_within_5": 24.692652329749105,
    "pct_within_10": 46.448028673835125,
    "pct_within_15": 63.755376344086024
  },
  "bland_altman": {
    "bias": 0.2609028220176697,
    "sd": 17.633546829223633,
    "lower_limit": -34.30084896326065,
    "upper_limit": 34.82265460729599
  }
}