{
  "model": "resnet_bigru",
  "target": "dbp",
  "test_set": "CalFree",
  "n_samples": 200,
  "mean_prediction": 59.436004638671875,
  "std_prediction": 2.3646769523620605,
  "top_10_timesteps": [
    72,
    1096,
    1184,
    80,
    81,
    872,
    71,
    1104,
    88,
    1088
  ],
  "top_10_times_seconds": [
    0.576,
    8.768,
    9.472,
    0.64,
    0.648,
    6.976,
    0.568,
    8.832,
    0.704,
    8.704
  ],
  "top_10_mean_abs_attribution": [
    2.6199371814727783,
    2.4660117626190186,
    2.4542129039764404,
    2.445082426071167,
    2.4157254695892334,
    2.3601925373077393,
    2.340667247772217,
    2.3321051597595215,
    2.3287134170532227,
    2.324211359024048
  ],
  "global_mean_abs_attribution": 1.1878894567489624
}