{
  "model": "resnet_bigru",
  "target": "sbp",
  "test_set": "CalFree",
  "n_samples": 200,
  "mean_prediction": 117.40412902832031,
  "std_prediction": 5.502862453460693,
  "top_10_timesteps": [
    1097,
    1105,
    1093,
    1041,
    1109,
    1017,
    1025,
    961,
    929,
    1121
  ],
  "top_10_times_seconds": [
    8.776,
    8.84,
    8.744,
    8.328,
    8.872,
    8.136,
    8.2,
    7.688,
    7.432,
    8.968
  ],
  "top_10_mean_abs_attribution": [
    4.498538494110107,
    4.091480255126953,
    4.082158088684082,
    4.062323093414307,
    4.044100761413574,
    4.019693851470947,
    4.006978988647461,
    3.9925591945648193,
    3.9381096363067627,
    3.9365930557250977
  ],
  "global_mean_abs_attribution": 2.459216356277466
}