{
  "model": "dl_resnet",
  "target": "sbp",
  "metrics": {
    "ME": -0.6097710132598877,
    "SD": 16.446887969970703,
    "MAE": 12.743566513061523,
    "RMSE": 16.458106291287358,
    "R2": 0.3862811326980591,
    "MedianAE": 10.309364318847656,
    "MaxError": 143.74241638183594,
    "n_samples": 100240
  },
  "aami": {
    "grade": "FAIL",
    "ME_pass": true,
    "SD_pass": false,
    "ME_value": -0.6097710132598877,
    "SD_value": 16.446887969970703,
    "ME_threshold": 5.0,
    "SD_threshold": 8.0
  },
  "bhs": {
    "grade": "D",
    "pct_within_5": 25.96169193934557,
    "pct_within_10": 48.67617717478053,
    "pct_within_15": 66.61013567438148
  },
  "bland_altman": {
    "bias": -0.6097710132598877,
    "sd": 16.446887969970703,
    "lower_limit": -32.84567143440246,
    "upper_limit": 31.626129407882686
  }
}