{
  "model": "dl_resnet",
  "target": "dbp",
  "metrics": {
    "ME": 0.08330995589494705,
    "SD": 10.439101219177246,
    "MAE": 7.886046409606934,
    "RMSE": 10.439382052201937,
    "R2": 0.3176403045654297,
    "MedianAE": 6.313777923583984,
    "MaxError": 183.02471923828125,
    "n_samples": 100240
  },
  "aami": {
    "grade": "FAIL",
    "ME_pass": true,
    "SD_pass": false,
    "ME_value": 0.08330995589494705,
    "SD_value": 10.439101219177246,
    "ME_threshold": 5.0,
    "SD_threshold": 8.0
  },
  "bhs": {
    "grade": "C",
    "pct_within_5": 40.79608938547486,
    "pct_within_10": 70.66041500399042,
    "pct_within_15": 87.26057462090981
  },
  "bland_altman": {
    "bias": 0.08330995589494705,
    "sd": 10.439101219177246,
    "lower_limit": -20.377328433692455,
    "upper_limit": 20.54394834548235
  }
}