{
  "model": "dl_resnet_bigru",
  "target": "dbp",
  "metrics": {
    "ME": 1.5436928272247314,
    "SD": 9.649642944335938,
    "MAE": 7.326801776885986,
    "RMSE": 9.7722906938585,
    "R2": 0.40206146240234375,
    "MedianAE": 5.814641952514648,
    "MaxError": 184.7503662109375,
    "n_samples": 100240
  },
  "aami": {
    "grade": "FAIL",
    "ME_pass": true,
    "SD_pass": false,
    "ME_value": 1.5436928272247314,
    "SD_value": 9.649642944335938,
    "ME_threshold": 5.0,
    "SD_threshold": 8.0
  },
  "bhs": {
    "grade": "C",
    "pct_within_5": 43.792897047086996,
    "pct_within_10": 74.10514764565043,
    "pct_within_15": 89.57402234636872
  },
  "bland_altman": {
    "bias": 1.5436928272247314,
    "sd": 9.649642944335938,
    "lower_limit": -17.369607343673707,
    "upper_limit": 20.45699299812317
  }
}