{
  "model": "dl_resnet_bigru",
  "target": "sbp",
  "metrics": {
    "ME": 0.43921416997909546,
    "SD": 15.478937149047852,
    "MAE": 11.976855278015137,
    "RMSE": 15.485089913964165,
    "R2": 0.4567031264305115,
    "MedianAE": 9.655860900878906,
    "MaxError": 143.5223846435547,
    "n_samples": 100240
  },
  "aami": {
    "grade": "FAIL",
    "ME_pass": true,
    "SD_pass": false,
    "ME_value": 0.43921416997909546,
    "SD_value": 15.478937149047852,
    "ME_threshold": 5.0,
    "SD_threshold": 8.0
  },
  "bhs": {
    "grade": "D",
    "pct_within_5": 27.394253790901836,
    "pct_within_10": 51.48443735035914,
    "pct_within_15": 69.4632881085395
  },
  "bland_altman": {
    "bias": 0.43921416997909546,
    "sd": 15.478937149047852,
    "lower_limit": -29.899502642154694,
    "upper_limit": 30.777930982112885
  }
}